[
{
  "model": "store.task",
  "pk": 1,
  "fields": {
    "representation": "{\"b\": {\"s\": [[0, 0, 0], [1, 0, 0], [1, 1, 0], [1, 1, -1]], \"r\": [325, 227, 128]}, \"a\": {\"s\": [[0, 0, 0], [1, 0, 0], [1, 1, 0], [1, 1, 1]], \"r\": [128, 132, 49]}}",
    "key": 0
  }
},
{
  "model": "store.task",
  "pk": 2,
  "fields": {
    "representation": "{\"b\": {\"s\": \"a\", \"r\": [343, 229, 221]}, \"a\": {\"s\": [[0, 0, 0], [1, 0, 0], [1, 1, 0], [1, 1, 1]], \"r\": [315, 231, 350]}}",
    "key": 1
  }
},
{
  "model": "store.task",
  "pk": 3,
  "fields": {
    "representation": "{\"b\": {\"s\": \"a\", \"r\": [64, 332, 115]}, \"a\": {\"s\": [[0, 0, 0], [1, 0, 0], [1, 1, 0], [1, 1, -1]], \"r\": [149, 136, 123]}}",
    "key": 1
  }
},
{
  "model": "store.task",
  "pk": 4,
  "fields": {
    "representation": "{\"b\": {\"s\": [[0, 0, 0], [1, 0, 0], [2, 0, 0], [2, 1, 0], [2, 1, -1]], \"r\": [322, 226, 157]}, \"a\": {\"s\": [[0, 0, 0], [1, 0, 0], [2, 0, 0], [2, 1, 0], [2, 1, 1]], \"r\": [310, 165, 223]}}",
    "key": 0
  }
},
{
  "model": "store.task",
  "pk": 5,
  "fields": {
    "representation": "{\"b\": {\"s\": \"a\", \"r\": [59, 303, 291]}, \"a\": {\"s\": [[0, 0, 0], [1, 0, 0], [2, 0, 0], [2, 1, 0], [2, 1, 1]], \"r\": [145, 145, 225]}}",
    "key": 1
  }
},
{
  "model": "store.task",
  "pk": 6,
  "fields": {
    "representation": "{\"b\": {\"s\": \"a\", \"r\": [298, 175, 149]}, \"a\": {\"s\": [[0, 0, 0], [1, 0, 0], [2, 0, 0], [2, 1, 0], [2, 1, -1]], \"r\": [231, 321, 36]}}",
    "key": 1
  }
},
{
  "model": "store.task",
  "pk": 7,
  "fields": {
    "representation": "{\"b\": {\"s\": [[0, 0, 0], [1, 1, 0], [2, 2, 0], [3, 2, 0], [3, 2, -1]], \"r\": [135, 266, 24]}, \"a\": {\"s\": [[0, 0, 0], [1, 1, 0], [2, 2, 0], [3, 2, 0], [3, 2, 1]], \"r\": [168, 306, 123]}}",
    "key": 0
  }
},
{
  "model": "store.task",
  "pk": 8,
  "fields": {
    "representation": "{\"b\": {\"s\": \"a\", \"r\": [163, 76, 238]}, \"a\": {\"s\": [[0, 0, 0], [1, 1, 0], [2, 2, 0], [3, 2, 0], [3, 2, 1]], \"r\": [32, 305, 228]}}",
    "key": 1
  }
},
{
  "model": "store.task",
  "pk": 9,
  "fields": {
    "representation": "{\"b\": {\"s\": \"a\", \"r\": [232, 70, 332]}, \"a\": {\"s\": [[0, 0, 0], [1, 1, 0], [2, 2, 0], [3, 2, 0], [3, 2, -1]], \"r\": [210, 29, 213]}}",
    "key": 1
  }
},
{
  "model": "store.task",
  "pk": 10,
  "fields": {
    "representation": "{\"b\": {\"s\": [[0, 0, 0], [1, 1, 1], [2, 2, 2], [3, 3, 3]], \"r\": [47, 41, 226]}, \"a\": {\"s\": [[0, 0, 0], [1, 1, 1], [2, 2, 2], [3, 3, 2]], \"r\": [247, 230, 331]}}",
    "key": 0
  }
},
{
  "model": "store.task",
  "pk": 11,
  "fields": {
    "representation": "{\"b\": {\"s\": \"a\", \"r\": [119, 144, 142]}, \"a\": {\"s\": [[0, 0, 0], [1, 1, 1], [2, 2, 2], [3, 3, 2]], \"r\": [226, 135, 312]}}",
    "key": 1
  }
},
{
  "model": "store.task",
  "pk": 12,
  "fields": {
    "representation": "{\"b\": {\"s\": \"a\", \"r\": [328, 143, 327]}, \"a\": {\"s\": [[0, 0, 0], [1, 1, 1], [2, 2, 2], [3, 3, 3]], \"r\": [211, 262, 206]}}",
    "key": 1
  }
},
{
  "model": "store.task",
  "pk": 13,
  "fields": {
    "representation": "{\"b\": {\"s\": [[0, 0, 0], [1, 0, 0], [2, 0, 0], [3, 0, 0], [4, 0, 0], [5, 0, 0], [6, 0, 0], [7, 0, 0]], \"r\": [32, 320, 155]}, \"a\": {\"s\": [[0, 0, 0], [1, 0, 0], [2, 0, 0], [3, 0, 0], [4, 0, 0], [5, 0, 0], [6, 0, 0]], \"r\": [150, 136, 236]}}",
    "key": 0
  }
},
{
  "model": "store.task",
  "pk": 14,
  "fields": {
    "representation": "{\"b\": {\"s\": \"a\", \"r\": [125, 59, 147]}, \"a\": {\"s\": [[0, 0, 0], [1, 0, 0], [2, 0, 0], [3, 0, 0], [4, 0, 0], [5, 0, 0], [6, 0, 0]], \"r\": [241, 123, 145]}}",
    "key": 1
  }
},
{
  "model": "store.task",
  "pk": 15,
  "fields": {
    "representation": "{\"b\": {\"s\": \"a\", \"r\": [38, 219, 124]}, \"a\": {\"s\": [[0, 0, 0], [1, 0, 0], [2, 0, 0], [3, 0, 0], [4, 0, 0], [5, 0, 0], [6, 0, 0], [7, 0, 0]], \"r\": [252, 132, 355]}}",
    "key": 1
  }
},
{
  "model": "store.task",
  "pk": 16,
  "fields": {
    "representation": "{\"b\": {\"s\": \"a\", \"r\": [289, 218, 44]}, \"a\": {\"s\": [[0, 0, 0], [0, -1, 0], [0, -1, 1], [0, -1, 2]], \"r\": [232, 143, 215]}}",
    "key": 1
  }
},
{
  "model": "store.task",
  "pk": 17,
  "fields": {
    "representation": "{\"b\": {\"s\": [[0, 0, 0], [0, -1, 0], [0, -1, 1], [0, -2, 1]], \"r\": [351, 154, 313]}, \"a\": {\"s\": [[0, 0, 0], [0, -1, 0], [0, -1, 1], [0, -1, 2]], \"r\": [313, 36, 204]}}",
    "key": 0
  }
},
{
  "model": "store.task",
  "pk": 18,
  "fields": {
    "representation": "{\"b\": {\"s\": \"a\", \"r\": [239, 190, 324]}, \"a\": {\"s\": [[0, 0, 0], [0, -1, 0], [0, -1, 1], [0, -2, 1]], \"r\": [54, 218, 304]}}",
    "key": 1
  }
},
{
  "model": "store.task",
  "pk": 19,
  "fields": {
    "representation": "{\"b\": {\"s\": \"a\", \"r\": [26, 217, 53]}, \"a\": {\"s\": [[0, 0, 0], [0, -1, 0], [0, -1, 1], [0, -1, 2], [0, -2, 2]], \"r\": [23, 234, 250]}}",
    "key": 1
  }
},
{
  "model": "store.task",
  "pk": 20,
  "fields": {
    "representation": "{\"b\": {\"s\": [[0, 0, 0], [0, -1, 0], [0, -1, 1], [0, -1, 2], [0, -2, 2]], \"r\": [232, 239, 215]}, \"a\": {\"s\": [[0, 0, 0], [0, -1, 0], [0, -1, 1], [0, -1, 2], [0, -1, 3], [0, -2, 3]], \"r\": [302, 343, 234]}}",
    "key": 0
  }
},
{
  "model": "store.task",
  "pk": 21,
  "fields": {
    "representation": "{\"b\": {\"s\": [[0, 0, 0], [0, -1, 0], [0, -1, 1], [0, -1, 2], [0, -1, 3], [0, 0, 3]], \"r\": [339.71401540323654, 226.52929827202138, 229.41798608485306]}, \"a\": {\"s\": [[0, 0, 0], [0, -1, 0], [0, -1, 1], [0, -1, 2], [0, 0, 2]], \"r\": [229, 80, 138]}}",
    "key": 0
  }
},
{
  "model": "store.task",
  "pk": 22,
  "fields": {
    "representation": "{\"b\": {\"s\": [[0, 0, 0], [0, -1, 0], [0, -1, 1], [0, -1, 2], [0, 0, 2]], \"r\": [145, 318, 210]}, \"a\": {\"s\": [[0, 0, 0], [0, -1, 0], [0, -1, 1], [0, -1, 2], [0, -1, 3], [0, 0, 3]], \"r\": [228, 348, 47]}}",
    "key": 0
  }
},
{
  "model": "store.task",
  "pk": 23,
  "fields": {
    "representation": "{\"b\": {\"s\": [[0, 0, 0], [0, -1, 0], [0, -1, 1], [0, -1, 2], [0, -1, 3], [-1, -1, 3]], \"r\": [319, 61, 225]}, \"a\": {\"s\": [[0, 0, 0], [0, -1, 0], [0, -1, 1], [-1, -1, 1]], \"r\": [47, 302, 136]}}",
    "key": 0
  }
},
{
  "model": "store.task",
  "pk": 24,
  "fields": {
    "representation": "{\"b\": {\"s\": \"a\", \"r\": [140, 205, 320]}, \"a\": {\"s\": [[0, 0, 0], [0, -1, 0], [0, -1, 1], [0, -1, 2], [-1, -1, 2]], \"r\": [225, 192, 225]}}",
    "key": 1
  }
},
{
  "model": "store.task",
  "pk": 25,
  "fields": {
    "representation": "{\"b\": {\"s\": [[0, 0, 0], [0, -1, 0], [0, -1, 1], [0, -1, 2], [0, -1, 3], [1, -1, 3]], \"r\": [125, 57, 277]}, \"a\": {\"s\": [[0, 0, 0], [0, -1, 0], [0, -1, 1], [0, -1, 2], [0, -1, 3], [-1, -1, 3]], \"r\": [241, 159, 43]}}",
    "key": 0
  }
},
{
  "model": "store.task",
  "pk": 26,
  "fields": {
    "representation": "{\"b\": {\"s\": \"a\", \"r\": [241, 312, 214]}, \"a\": {\"s\": [[0, 0, 0], [0, -1, 0], [0, -1, 1], [0, -1, 2], [0, -1, 3], [0, -1, 4], [-1, -1, 4]], \"r\": [119, 337, 321]}}",
    "key": 1
  }
},
{
  "model": "store.task",
  "pk": 27,
  "fields": {
    "representation": "{\"b\": {\"s\": [[0, 0, 0], [0, -1, 0], [0, -1, 1], [-1, -1, 1]], \"r\": [337, 136, 32]}, \"a\": {\"s\": [[0, 0, 0], [0, -1, 0], [0, -1, 1], [1, -1, 1]], \"r\": [143, 330, 52]}}",
    "key": 0
  }
},
{
  "model": "store.task",
  "pk": 28,
  "fields": {
    "representation": "{\"b\": {\"s\": \"a\", \"r\": [337, 121, 222]}, \"a\": {\"s\": [[0, 0, 0], [0, -1, 0], [0, -1, 1], [0, -1, 2], [1, -1, 2]], \"r\": [137, 148, 68]}}",
    "key": 1
  }
},
{
  "model": "store.task",
  "pk": 29,
  "fields": {
    "representation": "{\"b\": {\"s\": [[0, 0, 0], [0, -1, 0], [0, -1, 1], [0, -1, 2], [0, -1, 3], [-1, -1, 3]], \"r\": [330, 313, 70]}, \"a\": {\"s\": [[0, 0, 0], [0, -1, 0], [0, -1, 1], [0, -1, 2], [0, -1, 3], [1, -1, 3]], \"r\": [226, 209, 207]}}",
    "key": 0
  }
},
{
  "model": "store.task",
  "pk": 30,
  "fields": {
    "representation": "{\"b\": {\"s\": \"a\", \"r\": [34, 204, 322]}, \"a\": {\"s\": [[0, 0, 0], [0, -1, 0], [0, -1, 1], [0, -1, 2], [0, -1, 3], [0, -2, 3], [0, -1, 3], [0, -1, 4]], \"r\": [61, 311, 123]}}",
    "key": 1
  }
},
{
  "model": "store.task",
  "pk": 31,
  "fields": {
    "representation": "{\"b\": {\"s\": [[0, 0, 0], [0, -1, 0], [0, -1, 1], [0, -1, 2], [0, -1, 3], [1, -1, 3], [0, -1, 3], [0, -1, 4]], \"r\": [125, 39, 242]}, \"a\": {\"s\": [[0, 0, 0], [0, -1, 0], [0, -1, 1], [0, -1, 2], [0, -1, 3], [-1, -1, 3], [0, -1, 3], [0, -1, 4]], \"r\": [155, 151, 69]}}",
    "key": 0
  }
},
{
  "model": "store.task",
  "pk": 32,
  "fields": {
    "representation": "{\"b\": {\"s\": [[0, 0, 0], [0, -1, 0], [0, -1, 1], [0, -1, 2], [0, -1, 3], [-1, -1, 3], [0, -1, 3], [0, -1, 4]], \"r\": [221, 241, 140]}, \"a\": {\"s\": [[0, 0, 0], [0, -1, 0], [0, -1, 1], [0, -1, 2], [0, -1, 3], [1, -1, 3], [0, -1, 3], [0, -1, 4]], \"r\": [32, 194, 44]}}",
    "key": 0
  }
},
{
  "model": "store.task",
  "pk": 33,
  "fields": {
    "representation": "{\"b\": {\"r\": [45, 45, 45], \"s\": [[0, 0, 0], [0, -1, 0], [0, -1, 1], [0, -1, 2], [0, -1, 3], [-1, -1, 3], [0, -1, 3], [0, -1, 4]]}, \"a\": {\"r\": [45, 45, 45], \"s\": [[0, 0, 0], [0, -1, 0], [0, -1, 1], [0, -1, 2], [0, -1, 3], [1, -1, 3], [0, -1, 3], [0, -1, 4]]}}",
    "key": 0
  }
},
{
  "model": "store.task",
  "pk": 34,
  "fields": {
    "representation": "{\"a\": {\"s\": [[0, 0, 0], [1, 0, 0], [2, 0, 0], [2, 1, 0]], \"r\": [30, 150, 60]}, \"b\": {\"s\": \"a\", \"r\": [30, 150, 60]}}",
    "key": 1
  }
},
{
  "model": "store.task",
  "pk": 35,
  "fields": {
    "representation": "{\"a\": {\"s\": [[0, 0, 0], [1, 0, 0], [2, 0, 0], [2, 1, 0]], \"r\": [30, 150, 60]}, \"b\": {\"s\": [[0, 0, 0], [1, 0, 0], [1, 1, 0], [2, 1, 0]], \"r\": [30, 150, 60]}}",
    "key": 0
  }
},
{
  "model": "store.task",
  "pk": 36,
  "fields": {
    "representation": "{\"a\": {\"s\": [[0, 0, 0], [1, 0, 0], [2, 0, 0], [2, 1, 0]], \"r\": [30, 150, 20]}, \"b\": {\"s\": \"a\", \"r\": [30, 150, 60]}}",
    "key": 1
  }
},
{
  "model": "store.task",
  "pk": 37,
  "fields": {
    "representation": "{\"a\": {\"s\": [[0, 0, 0], [1, 0, 0], [1, 1, 0], [2, 1, 0]], \"r\": [30, 122, 60]}, \"b\": {\"s\": [[0, 0, 0], [1, 0, 0], [2, 0, 0], [2, 1, 0]], \"r\": [30, 150, 60]}}",
    "key": 0
  }
},
{
  "model": "store.task",
  "pk": 38,
  "fields": {
    "representation": "{\"a\": {\"s\": [[0, 0, 0], [1, 0, 0], [2, 0, 0], [3, 0, 0]], \"r\": [30, 150, 60]}, \"b\": {\"s\": [[0, 0, 0], [1, 0, 0], [2, 0, 0], [1, 1, 0]], \"r\": [30, 122, 0]}}",
    "key": 0
  }
},
{
  "model": "store.task",
  "pk": 39,
  "fields": {
    "representation": "{\"a\": {\"s\": [[0, 0, 0], [1, 0, 0], [2, 0, 0], [2, 1, 0], [2, 1, 1]], \"r\": [140, 320, 60]}, \"b\": {\"s\": \"a\", \"r\": [140, 340, 40]}}",
    "key": 1
  }
},
{
  "model": "store.task",
  "pk": 40,
  "fields": {
    "representation": "{\"a\": {\"s\": [[0, 0, 0], [1, 0, 0], [2, 0, 0], [2, 1, 0], [2, 1, 1]], \"r\": [200, 320, 60]}, \"b\": {\"s\": [[0, 0, 0], [1, 0, 0], [2, 0, 0], [2, 1, 0], [2, 1, -1]], \"r\": [200, 320, 60]}}",
    "key": 0
  }
},
{
  "model": "store.task",
  "pk": 41,
  "fields": {
    "representation": "{\"a\": {\"s\": [[0, 0, 0], [1, 0, 0], [2, 0, 0], [2, 1, 0], [2, 1, 1]], \"r\": [120, 200, 60]}, \"b\": {\"s\": \"a\", \"r\": [120, 320, 60]}}",
    "key": 1
  }
},
{
  "model": "store.task",
  "pk": 42,
  "fields": {
    "representation": "{\"a\": {\"s\": [[0, 0, 0], [1, 0, 0], [2, 0, 0], [3, 0, 0], [4, 0, 0]], \"r\": [120, 320, 60]}, \"b\": {\"s\": [[0, 0, 0], [1, 0, 0], [2, 0, 0]], \"r\": [120, 320, 60]}}",
    "key": 0
  }
},
{
  "model": "store.task",
  "pk": 43,
  "fields": {
    "representation": "{\"a\": {\"s\": [[0, 0, 0], [1, 0, 0], [2, 0, 0], [3, 0, 0], [4, 0, 0]], \"r\": [120, 320, 60]}, \"b\": {\"s\": [[0, 0, 0], [1, 0, 0], [2, 0, 0], [3, 0, 0]], \"r\": [120, 120, 60]}}",
    "key": 0
  }
},
{
  "model": "store.task",
  "pk": 44,
  "fields": {
    "representation": "{\"a\": {\"s\": [[0, 0, 0], [-1, 0, 0], [-2, 0, 0], [-3, 0, 0], [-3, -1, 0], [-3, -2, 0], [-3, -2, 1], [-3, -2, 2], [-3, -2, 3], [-4, -2, 3], [-5, -2, 3], [-6, -2, 3]], \"r\": [20, 15, 0]}, \"b\": {\"s\": \"a\", \"r\": [120, 20, 90]}}",
    "key": 1
  }
},
{
  "model": "store.task",
  "pk": 45,
  "fields": {
    "representation": "{\"a\": {\"s\": [[0, 0, 0], [0, -1, 0], [0, -2, 0], [0, -3, 0], [0, -3, -1], [0, -3, -2], [0, -3, -3], [-1, -3, -3], [-2, -3, -3], [-2, -4, -3], [-2, -5, -3], [-2, -6, -3]], \"r\": [20, 15, 0]}, \"b\": {\"s\": [[0, 0, 0], [-1, 0, 0], [-2, 0, 0], [-3, 0, 0], [-3, -1, 0], [-3, -2, 0], [-3, -2, 1], [-3, -2, 2], [-3, -2, 3], [-4, -2, 3], [-5, -2, 3], [-6, -2, 3]], \"r\": [20, 15, 0]}}",
    "key": 0
  }
},
{
  "model": "store.task",
  "pk": 46,
  "fields": {
    "representation": "{\"a\": {\"s\": [[0, 0, 0], [0, -1, 0], [1, -1, 0], [2, -1, 0], [3, -1, 0], [3, -2, 0], [3, -3, 0], [3, -4, 0], [3, -4, -1], [3, -4, -2]], \"r\": [10, 30, 10]}, \"b\": {\"s\": \"a\", \"r\": [320, 160, 10]}}",
    "key": 1
  }
},
{
  "model": "store.task",
  "pk": 47,
  "fields": {
    "representation": "{\"a\": {\"s\": [[0, 0, 0], [0, -1, 0], [1, -1, 0], [2, -1, 0], [3, -1, 0], [3, -2, 0], [3, -3, 0], [3, -4, 0], [3, -4, -1], [3, -4, -2]], \"r\": [320, 160, 10]}, \"b\": {\"s\": \"a\", \"r\": [10, 30, 10]}}",
    "key": 1
  }
},
{
  "model": "store.task",
  "pk": 48,
  "fields": {
    "representation": "{\"a\": {\"s\": [[0, 0, 0], [0, -1, 0], [0, -2, 0], [-1, -2, 0], [-1, -2, -1], [-1, -2, -2], [-1, -2, -3], [-2, -2, -3], [-3, -2, -3]], \"r\": [-20, 50, 160]}, \"b\": {\"s\": \"a\", \"r\": [70, -5, 90]}}",
    "key": 1
  }
},
{
  "model": "store.task",
  "pk": 49,
  "fields": {
    "representation": "{\"a\": {\"s\": [[0, -4, 0], [0, -3, 0], [0, -2, 0], [-1, -2, 0], [-1, -2, -1], [-1, -2, -2], [-1, -2, -3], [-2, -2, -3], [-3, -2, -3]], \"r\": [270, 100, -10]}, \"b\": {\"s\": [[0, 0, 0], [0, -1, 0], [0, -2, 0], [-1, -2, 0], [-1, -2, -1], [-1, -2, -2], [-1, -2, -3], [-2, -2, -3], [-3, -2, -3]], \"r\": [-20, 50, 160]}}",
    "key": 0
  }
},
{
  "model": "store.task",
  "pk": 50,
  "fields": {
    "representation": "{\"a\": {\"s\": [[0, -4, 0], [0, -3, 0], [0, -2, 0], [-1, -2, 0], [-1, -2, -1], [-1, -2, -2], [-1, -2, -3], [-2, -2, -3], [-3, -2, -3]], \"r\": [50, 190, 0]}, \"b\": {\"s\": [[0, 0, 0], [0, -1, 0], [1, -1, 0], [2, -1, 0], [3, -1, 0], [3, -2, 0], [3, -3, 0], [3, -4, 0], [3, -4, -1], [3, -4, -2]], \"r\": [300, 315, 10]}}",
    "key": 0
  }
},
{
  "model": "store.task",
  "pk": 51,
  "fields": {
    "representation": "{\"a\": {\"s\": [[0, 0, 0], [1, 0, 0], [1, 1, 0], [1, 1, 1]], \"r\": [60, 50, 0]}, \"b\": {\"s\": [[0, 0, 0], [1, 0, 0], [1, 1, 0], [1, 1, -1]], \"r\": [60, 10, 50]}}",
    "key": 0
  }
},
{
  "model": "store.task",
  "pk": 52,
  "fields": {
    "representation": "{\"a\": {\"s\": [[0, 0, 0], [1, 1, 0], [2, 2, 0], [3, 3, 0], [3, 3, 1], [3, 3, 2], [2, 3, 2], [1, 3, 2], [0, 3, 2], [0, 2, 2], [0, 1, 2], [0, 0, 2], [0, 0, 1]], \"r\": [13, -26, 0]}, \"b\": {\"s\": [[0, 0, 0], [1, 1, 0], [2, 2, 0], [3, 3, 0], [3, 3, -1], [3, 3, -2], [2, 3, -2], [1, 3, -2], [0, 3, -2], [0, 2, -2], [0, 1, -2], [0, 0, -2], [0, 0, -1]], \"r\": [25, 20, 0]}}",
    "key": 0
  }
},
{
  "model": "store.task",
  "pk": 53,
  "fields": {
    "representation": "{\"a\": {\"s\": [[0, 0, 0], [1, 1, 1], [2, 2, 2], [3, 3, 3], [-1, -1, -1], [-2, -2, -2], [-3, -3, -3], [1, 1, -1], [2, 2, -2], [3, 3, -3], [1, -1, -1], [2, -2, -2], [3, -3, -3]], \"r\": [58, 156, 0]}, \"b\": {\"s\": [[0, 0, 0], [1, 1, 1], [2, 2, 2], [3, 3, 3], [-1, -1, -1], [-2, -2, -2], [-3, -3, -3], [-1, 1, -1], [-2, 2, -2], [-3, 3, -3], [1, -1, -1], [2, -2, -2], [3, -3, -3]], \"r\": [240, 42, 0]}}",
    "key": 0
  }
},
{
  "model": "store.test",
  "pk": 1,
  "fields": {
    "slug": "mrt-pair",
    "title": "Sortera blockpar p\u00e5 tid",
    "instructions": "Du kommer f\u00e5 se tv\u00e5 tredimensionella block, om blocken har samma\n                form ska du trycka p\u00e5 den gr\u00f6na bocken nere till h\u00f6ger. Om blocken\n                har olika form ska du trycka p\u00e5 det r\u00f6da krysset till v\u00e4nster.\n                \n                Blocken \u00e4r roterade olika s\u00e5 det kan ta ett tag att se. Svara r\u00e4tt\n                s\u00e5 snabbt du kan."
  }
},
{
  "model": "store.battery",
  "pk": 1,
  "fields": {
    "slug": "pappas-test",
    "name": "Pappas test",
    "test": 1
  }
},
{
  "model": "store.battery",
  "pk": 2,
  "fields": {
    "slug": "connies-test",
    "name": "Connies test",
    "test": 1
  }
},
{
  "model": "store.battery",
  "pk": 3,
  "fields": {
    "slug": "default",
    "name": "Samma test igen",
    "test": 1
  }
},
{
  "model": "store.batterytask",
  "pk": 1,
  "fields": {
    "battery": 1,
    "task": 1,
    "order": 1
  }
},
{
  "model": "store.batterytask",
  "pk": 2,
  "fields": {
    "battery": 1,
    "task": 2,
    "order": 2
  }
},
{
  "model": "store.batterytask",
  "pk": 3,
  "fields": {
    "battery": 1,
    "task": 3,
    "order": 3
  }
},
{
  "model": "store.batterytask",
  "pk": 4,
  "fields": {
    "battery": 1,
    "task": 4,
    "order": 4
  }
},
{
  "model": "store.batterytask",
  "pk": 5,
  "fields": {
    "battery": 1,
    "task": 5,
    "order": 5
  }
},
{
  "model": "store.batterytask",
  "pk": 6,
  "fields": {
    "battery": 1,
    "task": 6,
    "order": 6
  }
},
{
  "model": "store.batterytask",
  "pk": 7,
  "fields": {
    "battery": 1,
    "task": 7,
    "order": 7
  }
},
{
  "model": "store.batterytask",
  "pk": 8,
  "fields": {
    "battery": 1,
    "task": 8,
    "order": 8
  }
},
{
  "model": "store.batterytask",
  "pk": 9,
  "fields": {
    "battery": 1,
    "task": 9,
    "order": 9
  }
},
{
  "model": "store.batterytask",
  "pk": 10,
  "fields": {
    "battery": 1,
    "task": 10,
    "order": 10
  }
},
{
  "model": "store.batterytask",
  "pk": 11,
  "fields": {
    "battery": 1,
    "task": 11,
    "order": 11
  }
},
{
  "model": "store.batterytask",
  "pk": 12,
  "fields": {
    "battery": 1,
    "task": 12,
    "order": 12
  }
},
{
  "model": "store.batterytask",
  "pk": 13,
  "fields": {
    "battery": 1,
    "task": 13,
    "order": 13
  }
},
{
  "model": "store.batterytask",
  "pk": 14,
  "fields": {
    "battery": 1,
    "task": 14,
    "order": 14
  }
},
{
  "model": "store.batterytask",
  "pk": 15,
  "fields": {
    "battery": 1,
    "task": 15,
    "order": 15
  }
},
{
  "model": "store.batterytask",
  "pk": 16,
  "fields": {
    "battery": 2,
    "task": 16,
    "order": 1
  }
},
{
  "model": "store.batterytask",
  "pk": 17,
  "fields": {
    "battery": 2,
    "task": 17,
    "order": 2
  }
},
{
  "model": "store.batterytask",
  "pk": 18,
  "fields": {
    "battery": 2,
    "task": 18,
    "order": 3
  }
},
{
  "model": "store.batterytask",
  "pk": 19,
  "fields": {
    "battery": 2,
    "task": 19,
    "order": 4
  }
},
{
  "model": "store.batterytask",
  "pk": 20,
  "fields": {
    "battery": 2,
    "task": 20,
    "order": 5
  }
},
{
  "model": "store.batterytask",
  "pk": 21,
  "fields": {
    "battery": 2,
    "task": 21,
    "order": 6
  }
},
{
  "model": "store.batterytask",
  "pk": 22,
  "fields": {
    "battery": 2,
    "task": 22,
    "order": 7
  }
},
{
  "model": "store.batterytask",
  "pk": 23,
  "fields": {
    "battery": 2,
    "task": 23,
    "order": 8
  }
},
{
  "model": "store.batterytask",
  "pk": 24,
  "fields": {
    "battery": 2,
    "task": 24,
    "order": 9
  }
},
{
  "model": "store.batterytask",
  "pk": 25,
  "fields": {
    "battery": 2,
    "task": 25,
    "order": 10
  }
},
{
  "model": "store.batterytask",
  "pk": 26,
  "fields": {
    "battery": 2,
    "task": 26,
    "order": 11
  }
},
{
  "model": "store.batterytask",
  "pk": 27,
  "fields": {
    "battery": 2,
    "task": 27,
    "order": 12
  }
},
{
  "model": "store.batterytask",
  "pk": 28,
  "fields": {
    "battery": 2,
    "task": 28,
    "order": 13
  }
},
{
  "model": "store.batterytask",
  "pk": 29,
  "fields": {
    "battery": 2,
    "task": 29,
    "order": 14
  }
},
{
  "model": "store.batterytask",
  "pk": 30,
  "fields": {
    "battery": 2,
    "task": 30,
    "order": 15
  }
},
{
  "model": "store.batterytask",
  "pk": 31,
  "fields": {
    "battery": 2,
    "task": 31,
    "order": 16
  }
},
{
  "model": "store.batterytask",
  "pk": 32,
  "fields": {
    "battery": 2,
    "task": 32,
    "order": 17
  }
},
{
  "model": "store.batterytask",
  "pk": 33,
  "fields": {
    "battery": 2,
    "task": 33,
    "order": 18
  }
},
{
  "model": "store.batterytask",
  "pk": 34,
  "fields": {
    "battery": 3,
    "task": 34,
    "order": 1
  }
},
{
  "model": "store.batterytask",
  "pk": 35,
  "fields": {
    "battery": 3,
    "task": 35,
    "order": 2
  }
},
{
  "model": "store.batterytask",
  "pk": 36,
  "fields": {
    "battery": 3,
    "task": 36,
    "order": 3
  }
},
{
  "model": "store.batterytask",
  "pk": 37,
  "fields": {
    "battery": 3,
    "task": 37,
    "order": 4
  }
},
{
  "model": "store.batterytask",
  "pk": 38,
  "fields": {
    "battery": 3,
    "task": 38,
    "order": 5
  }
},
{
  "model": "store.batterytask",
  "pk": 39,
  "fields": {
    "battery": 3,
    "task": 39,
    "order": 6
  }
},
{
  "model": "store.batterytask",
  "pk": 40,
  "fields": {
    "battery": 3,
    "task": 40,
    "order": 7
  }
},
{
  "model": "store.batterytask",
  "pk": 41,
  "fields": {
    "battery": 3,
    "task": 41,
    "order": 8
  }
},
{
  "model": "store.batterytask",
  "pk": 42,
  "fields": {
    "battery": 3,
    "task": 42,
    "order": 9
  }
},
{
  "model": "store.batterytask",
  "pk": 43,
  "fields": {
    "battery": 3,
    "task": 43,
    "order": 10
  }
},
{
  "model": "store.batterytask",
  "pk": 44,
  "fields": {
    "battery": 3,
    "task": 44,
    "order": 11
  }
},
{
  "model": "store.batterytask",
  "pk": 45,
  "fields": {
    "battery": 3,
    "task": 45,
    "order": 12
  }
},
{
  "model": "store.batterytask",
  "pk": 46,
  "fields": {
    "battery": 3,
    "task": 46,
    "order": 13
  }
},
{
  "model": "store.batterytask",
  "pk": 47,
  "fields": {
    "battery": 3,
    "task": 47,
    "order": 14
  }
},
{
  "model": "store.batterytask",
  "pk": 48,
  "fields": {
    "battery": 3,
    "task": 48,
    "order": 15
  }
},
{
  "model": "store.batterytask",
  "pk": 49,
  "fields": {
    "battery": 3,
    "task": 49,
    "order": 16
  }
},
{
  "model": "store.batterytask",
  "pk": 50,
  "fields": {
    "battery": 3,
    "task": 50,
    "order": 17
  }
},
{
  "model": "store.batterytask",
  "pk": 51,
  "fields": {
    "battery": 3,
    "task": 51,
    "order": 18
  }
},
{
  "model": "store.batterytask",
  "pk": 52,
  "fields": {
    "battery": 3,
    "task": 52,
    "order": 19
  }
},
{
  "model": "store.batterytask",
  "pk": 53,
  "fields": {
    "battery": 3,
    "task": 53,
    "order": 20
  }
}
]
